HHW42RDX,BAD,XBBF20
HHW8HJR6,BAD,XBBF20
HHW54KK2,BAD,XBBF20
HHW9DPNW,BAD,XBBF20
HHWAA6A9,BAD,XBBF20
HJQ1R8J1,BAD,XBBF20
HJQ9JM30,BAD,XBBF20
HJQRFXGT,BAD,XBBF20
HHW544PV,BAD,XBBF11
HHW5T5Y7,BAD,XBBF11
HHW62DXY,BAD,XBBF11
HHW6NMHF,BAD,XBBF11
HHW9R0WR,BAD,XBBF11
HHWDC932,BAD,XBBF11
HHWE6VQ4,BAD,XBBF11
HHWFY0YM,BAD,XBBF11
HHWFW1QD,GOOD,GOOD
HJA2HMHJ,GOOD,GOOD
HJA5WFAJ,GOOD,GOOD
HJA7FR7W,GOOD,GOOD
HJA7K7WF,GOOD,GOOD
HJACYHVK,GOOD,GOOD
HJAD0VVU,GOOD,GOOD
HJAGA1YW,GOOD,GOOD
HJAHCW4C,GOOD,GOOD
HJCH06HA,GOOD,GOOD
HJQGD9V5,GOOD,GOOD
HJQV6EHK,GOOD,GOOD
HJQVY0RT,GOOD,GOOD
HJR0PFD8,GOOD,GOOD
HJR6TV1U,GOOD,GOOD
HK0TGDV3,GOOD,GOOD
691RPGX6,GOOD,GOOD
5EADC7KH,GOOD,GOOD
P6JMQG7K,GOOD,GOOD
Q4TEXMGU,GOOD,GOOD
Q8HH18T4,GOOD,GOOD
4PQTJX21,GOOD,GOOD
Q5NJ7WTQ,GOOD,GOOD
5NXMFE74,GOOD,GOOD
59J9C8J6,GOOD,GOOD
QYDXT0V0,GOOD,GOOD
PWPJK2DA,GOOD,GOOD
5C8YVR6H,GOOD,GOOD
QD25MK1U,GOOD,GOOD
P9ND5X02,GOOD,GOOD
63QD6DG5,GOOD,GOOD
Q0N49DWU,GOOD,GOOD
YM1MNY8X,GOOD,GOOD
1TER59HM,GOOD,GOOD
1KQND5YW,GOOD,GOOD
XF0N56G0,GOOD,GOOD
YWNTP46V,GOOD,GOOD
YKF9FGGF,GOOD,GOOD
2023VNWY,GOOD,GOOD
X1J8T02D,GOOD,GOOD
0V7RGFNN,GOOD,GOOD
WPQ9U33K,GOOD,GOOD
KKAR8DQ2,GOOD,GOOD
HURXF3J1,GOOD,GOOD
KF4CKP88,GOOD,GOOD
1WY4Q3YV,GOOD,GOOD
13141DDP,GOOD,GOOD
WWX9K8J7,GOOD,GOOD
W31CKMPM,BAD,XBBF11
W36102EM,BAD,XBBF11
CMYX30TP,BAD,XBBF11
CHRQUK8A,BAD,XBBF11
WA4AF767,BAD,XBBF11
W95CRVF7,BAD,XBBF11
2VXV89UK,BAD,XBBF11
U6NKJHUC,BAD,XBBF11
U3M1VNHN,BAD,XBBF11
HPHRYN31,BAD,XBBF11
CHWTYXH1,BAD,XBBF11
W30WUC8R,BAD,XBBF11
3JXKHYP0,BAD,XBBF11
CP28R91U,BAD,XBBF11
W2Q7WEDK,BAD,XBBF11
3794UQP2,BAD,XBBF11
HJA65AW0,BAD,XBBF20
HJAMWUUW,BAD,XBBF20
HJR4RUDT,BAD,XBBF20
HJAE1J4H,BAD,XBBF20
HJA29EYJ,BAD,XBBF20
HJQYJNDT,BAD,XBBF20
HJAJ2670,BAD,XBBF20
HJQ30UXG,BAD,XBBF20
HJAGAFYM,BAD,XBBF20
HJR61EV7,BAD,XBBF20
HJR3X7ME,BAD,XBBF20
HJQU2XUF,BAD,XBBF20
HJAQF1ER,BAD,XBBF20
HJR4M16X,BAD,XBBF20
HJR44KCX,BAD,XBBF20
HJRAY33M,BAD,XBBF20
